fecha,herramienta,plan_o_modelo,tarea_id,tarea,resultado_esperado,entrada_o_archivo,primera_salida,precision_0_a_4,ajuste_0_a_4,revision_0_a_4,privacidad_0_a_4,facilidad_0_a_4,integracion_0_a_4,costo_0_a_4,minutos_revision,fallo_eliminatorio,evidencia_o_fuente,decision
[fecha],[opcion A],[plan o modelo],A-1,[tarea 1],[condiciones observables],[archivo ficticio o autorizado],[enlace o nombre del registro],,,,,,,,,[sí/no y motivo],[fuente o captura],[piloto/corregir/descartar]
[fecha],[opcion A],[plan o modelo],A-2,[tarea 2],[condiciones observables],[archivo ficticio o autorizado],[enlace o nombre del registro],,,,,,,,,[sí/no y motivo],[fuente o captura],[piloto/corregir/descartar]
[fecha],[opcion A],[plan o modelo],A-3,[tarea 3],[condiciones observables],[archivo ficticio o autorizado],[enlace o nombre del registro],,,,,,,,,[sí/no y motivo],[fuente o captura],[piloto/corregir/descartar]
[fecha],[opcion A],[plan o modelo],A-4,[tarea 4],[condiciones observables],[archivo ficticio o autorizado],[enlace o nombre del registro],,,,,,,,,[sí/no y motivo],[fuente o captura],[piloto/corregir/descartar]
[fecha],[opcion A],[plan o modelo],A-5,[tarea 5],[condiciones observables],[archivo ficticio o autorizado],[enlace o nombre del registro],,,,,,,,,[sí/no y motivo],[fuente o captura],[piloto/corregir/descartar]
[fecha],[opcion B],[plan o modelo],B-1,[misma tarea 1],[mismas condiciones],[mismo archivo],[enlace o nombre del registro],,,,,,,,,[sí/no y motivo],[fuente o captura],[piloto/corregir/descartar]
[fecha],[opcion B],[plan o modelo],B-2,[misma tarea 2],[mismas condiciones],[mismo archivo],[enlace o nombre del registro],,,,,,,,,[sí/no y motivo],[fuente o captura],[piloto/corregir/descartar]
[fecha],[opcion B],[plan o modelo],B-3,[misma tarea 3],[mismas condiciones],[mismo archivo],[enlace o nombre del registro],,,,,,,,,[sí/no y motivo],[fuente o captura],[piloto/corregir/descartar]
[fecha],[opcion B],[plan o modelo],B-4,[misma tarea 4],[mismas condiciones],[mismo archivo],[enlace o nombre del registro],,,,,,,,,[sí/no y motivo],[fuente o captura],[piloto/corregir/descartar]
[fecha],[opcion B],[plan o modelo],B-5,[misma tarea 5],[mismas condiciones],[mismo archivo],[enlace o nombre del registro],,,,,,,,,[sí/no y motivo],[fuente o captura],[piloto/corregir/descartar]
