fecha,herramienta,caso_id,entrada_resumida,resultado_esperado,resultado_observado,estado,metodo,limite
2026-09-21,Rúbrica de evaluación,RUB-01,"siete criterios en 0","0/100; completar la prueba","0/100; completar la prueba",pasa,"prueba automatizada con Node.js 23.9.0","no evalúa un producto de IA"
2026-09-21,Rúbrica de evaluación,RUB-02,"valores 4;4;3;3;2;2;2 con pesos publicados","80/100; posible piloto","80/100; posible piloto",pasa,"prueba automatizada con Node.js 23.9.0","el umbral es criterio editorial no certificación"
2026-09-21,Rúbrica de evaluación,RUB-03,"valores 3;3;2;2;2;2;2 con pesos publicados","61/100; ajustar","61/100; ajustar",pasa,"prueba automatizada con Node.js 23.9.0","el puntaje no reemplaza fallos eliminatorios"
2026-09-21,Rúbrica de evaluación,RUB-04,"siete criterios en 4","100/100; posible piloto","100/100; posible piloto",pasa,"prueba automatizada con Node.js 23.9.0","no garantiza desempeño fuera de la muestra"
2026-09-21,Rúbrica de evaluación,RUB-05,"siete entradas mayores que 4","limitar cada valor a 4; 100/100","limitó cada valor a 4; 100/100",pasa,"prueba automatizada con Node.js 23.9.0","la interfaz HTML también declara mínimo 0 y máximo 4"
2026-09-21,Calculadora de costo,COS-01,"600 unidades; 12 min antes; 6 min IA; 3 min revisión; 10% por 5 min; 15 UM/h; costos 280 UM","2.5 min; 375 UM brutos; 95 UM netos; equilibrio 448","2.5 min; 375 UM brutos; 95 UM netos; equilibrio 448",pasa,"prueba automatizada con Node.js 23.9.0","usa cifras ficticias"
2026-09-21,Calculadora de costo,COS-02,"5 min antes; 4 min IA; 2 min revisión","-1 min; equilibrio no alcanzable","-1 min; equilibrio no alcanzable",pasa,"prueba automatizada con Node.js 23.9.0","no estima calidad ni riesgo"
2026-09-21,Calculadora de costo,COS-03,"100 unidades; ahorro 6 min; 60 UM/h; costo 600 UM","beneficio 0; equilibrio 100","beneficio 0; equilibrio 100",pasa,"prueba automatizada con Node.js 23.9.0","equilibrio antes de impuestos y riesgos no cuantificados"
2026-09-21,Calculadora de costo,COS-04,"100 unidades; ahorro 5 min; 60 UM/h; costo 600 UM","beneficio -100; equilibrio 120","beneficio -100; equilibrio 120",pasa,"prueba automatizada con Node.js 23.9.0","el volumen real puede variar"
2026-09-21,Orientador de datos,DAT-01,"ninguna categoría seleccionada","falta clasificar","falta clasificar",pasa,"prueba automatizada con Node.js 23.9.0","no acepta ni analiza contenido real"
2026-09-21,Orientador de datos,DAT-02,"secreto técnico; entorno aprobado","detener y escalar","detener y escalar",pasa,"prueba automatizada con Node.js 23.9.0","no sustituye respuesta a incidentes"
2026-09-21,Orientador de datos,DAT-03,"categoría regulada; entorno aprobado","detener y escalar","detener y escalar",pasa,"prueba automatizada con Node.js 23.9.0","no es clasificación legal"
2026-09-21,Orientador de datos,DAT-04,"dato personal; entorno aprobado; acción externa","minimizar; exigir revisión humana","minimizar; exigió revisión humana",pasa,"prueba automatizada con Node.js 23.9.0","la aprobación del entorno no autoriza todos los datos"
2026-09-21,Orientador de datos,DAT-05,"información interna; entorno no aprobado","comprobar el entorno","comprobar el entorno",pasa,"prueba automatizada con Node.js 23.9.0","requiere política de la organización"
2026-09-21,Orientador de datos,DAT-06,"información pública; entorno aprobado","continuar con límites","continuar con límites",pasa,"prueba automatizada con Node.js 23.9.0","todavía exige revisar licencia metadatos y salida"
